36106,0.00010135910649203422
3495279,7.167012078283265e-05
10412,7.167012039644924e-05
285232,1.1386295841754644e-05
239827,9.214474242817792e-06
166291,9.21446559543335e-06
221059,9.214465254052824e-06
120010,9.214463958369021e-06
2639628,5.00295020575916e-06
847374,3.2204892701612575e-06
667584,2.1718322073491895e-06
884686,2.1718222792116173e-06
724720,1.6288660936395555e-06
2766592,1.6102600365682007e-06
996127,1.1386379528657266e-06
548397,1.13863636851838e-06
944700,1.138631174416041e-06
573391,7.678805780132417e-07
2873356,7.678803582625079e-07
923323,4.057228305229138e-11
626463,3.945647356953728e-11
913210,3.940299364796881e-11
860561,3.4043673082404224e-11
490860,3.308243460165377e-11
240665,3.209330652899637e-11
37730,3.207994440248682e-11
366681,2.4602468012003425e-11
586843,2.0145176575027906e-11
743966,2.0018789876709478e-11
1035160,1.7985143728471885e-11
782768,1.511195297380006e-11
383889,1.453794651675832e-11
307102,1.1796041405060067e-11
485365,1.1402200629598944e-11
28002,1.0749801623456668e-11
753706,1.0029696109938267e-11
884449,9.430064690637616e-12
233147,9.19978496334249e-12
88180,9.020961588560263e-12
318085,8.694720907470594e-12
490852,8.201097962169748e-12
48265,8.193037693018378e-12
745568,8.184024535509474e-12
232598,7.363167040540907e-12
775877,6.842340510480667e-12
665908,6.702109716038998e-12
665860,6.633437180757382e-12
762885,6.440077950310729e-12
868616,6.283951978509066e-12
178799,5.64033443338371e-12
670226,5.635398386002132e-12
261087,5.620006709285894e-12
985076,5.089361351401662e-12
936095,4.948471400060396e-12
367188,4.932481276293433e-12
932665,4.6016598784262806e-12
514563,4.409986737146926e-12
13508,4.4047644782213835e-12
290853,4.390403195213108e-12
169795,4.384836244987021e-12
775406,4.384836244987021e-12
158540,4.384836244987021e-12
224925,4.384836244987021e-12
376793,4.384836244987021e-12
460390,4.384836244987021e-12
746302,4.302230176731005e-12
926237,4.258903045029542e-12
956973,4.107572993005909e-12
736318,4.035506772781469e-12
485525,3.568538946034968e-12
2435745,3.3489987179737498e-12
185018,3.2496263166110065e-12
796281,3.2311365975966913e-12
347451,3.2311365975966913e-12
857621,3.182914840580144e-12
469519,3.1358121890811656e-12
886961,3.087979713138156e-12
769444,2.916316307985615e-12
790797,2.913788282354715e-12
580300,2.813626572274503e-12
152023,2.633253051999742e-12
49026,2.6070754655599326e-12
242211,2.5936173609400445e-12
543595,2.5773799527331284e-12
639056,2.5677291263743048e-12
105129,2.5677291263743048e-12
590483,2.5640178262235792e-12
758630,2.5640178262235792e-12
262794,2.5640178262235792e-12
6310,2.5640178262235792e-12
750742,2.5258323392305573e-12
7731,2.5074762745023604e-12
219428,2.4908729701885634e-12
762821,2.483580975005483e-12
822910,2.4497360418803286e-12
866215,2.4265575720312624e-12
663645,2.278718689988974e-12
2507287,2.265376586018952e-12
749571,2.250170418155553e-12
944293,2.1019038653705166e-12
2598627,1.9813607324198024e-12
537444,1.8208741664669737e-12
616296,1.4839193590641062e-12
988627,1.3631148648864773e-12
49062,9.686905557931529e-13
1878899,9.64551135479252e-13
888484,9.64551135479252e-13
86927,9.265719562503123e-13
39013,9.047807883897926e-13
176256,9.025367605146357e-13
170879,8.877422965711718e-13
329232,8.784732943107528e-13
94792,8.712530717552596e-13
386560,8.712530717552596e-13
158656,8.40042018022444e-13
592595,7.850727884156453e-13
374126,7.671714493739811e-13
207290,7.329443280422116e-13
1013375,7.283526085417512e-13
614933,7.122308617454789e-13
237773,7.032685983441461e-13
859589,6.861921436494229e-13
861687,6.857131270753755e-13
673933,6.857131270753755e-13
199917,6.857131270753755e-13
406657,6.857131270753755e-13
641709,6.590211578164598e-13
166505,6.544294383159993e-13
520545,6.346590113041213e-13
2290007,5.609442097923978e-13
154544,5.6037141414011e-13
2124046,4.5253290129966447e-13
211095,4.0872502308698446e-13
818702,4.0324247940350656e-13
175379,3.9430884542517534e-13
664770,3.173556426367825e-13
753868,2.98861822854934e-13
595768,2.962740114559216e-13
952786,2.8564774870988775e-13
480956,2.7637292454028497e-13
16132,2.7586211410827767e-13
609590,2.505558729029141e-13
172582,2.456253586443719e-13
879144,2.446450720041012e-13
831733,2.428946496146385e-13
45560,2.4235684297092484e-13
185591,2.2441492920210706e-13
769109,2.1884797897601932e-13
46527,2.1682363343926017e-13
28432,2.1682363343926017e-13
99449,2.1682363343926017e-13
597736,2.1682363343926017e-13
919603,2.1682363343926017e-13
127301,2.1682363343926017e-13
666244,2.1682363343926017e-13
811395,2.1682363343926017e-13
780948,2.1682363343926017e-13
813946,2.1141149392633019e-13
681154,2.0869787841283424e-13
441,2.0712039863366364e-13
766078,1.994401890851812e-13
757342,1.8700388377767567e-13
289599,1.8232733164314057e-13
585574,1.7680026980892908e-13
664346,1.7673969778359675e-13
187422,1.5594450013753333e-13
380651,1.4837725343200076e-13
2867436,1.4072584562065782e-13
2031918,1.2999942982396928e-13
569600,1.1529242927790372e-13
691371,1.138424205218789e-13
509156,9.942509525799747e-14
305363,9.574805829633486e-14
517607,9.272117941790684e-14
97491,9.124954669522253e-14
772745,9.040630998130446e-14
852688,8.861045644320086e-14
96576,8.612200135200032e-14
574102,8.518871912035594e-14
771905,8.300403240515343e-14
486047,8.27308243961282e-14
26164,8.152214171945267e-14
2592086,8.030542588631612e-14
696668,7.647123918958613e-14
937150,7.647123918958613e-14
814387,7.647123918958613e-14
479149,7.644660119415479e-14
487038,7.571169452131831e-14
58934,7.571169452131831e-14
194246,7.253541542135268e-14
670734,7.077734200573515e-14
223197,7.070475523616768e-14
589630,7.042950315594084e-14
130764,7.012935135042466e-14
521851,6.954867428833898e-14
320426,6.954867428833898e-14
243008,6.923522577616303e-14
793225,6.882411527062753e-14
787702,6.773022185501037e-14
771792,6.144802245217218e-14
577358,6.074273891034958e-14
806829,5.937317453388016e-14
789064,5.313222163334928e-14
990366,5.163879774703511e-14
1498,4.5114110618383496e-14
5501,4.0462738460040094e-14
112789,3.931902384751867e-14
290502,3.7713020363548306e-14
109414,3.367039464762156e-14
9441,3.3114749104920836e-14
1422105,3.015803673299273e-14
520583,2.9130366849842865e-14
896216,2.3363562115965844e-14
159655,2.3074625864987046e-14
808336,2.2958597502302572e-14
528243,2.2539062044107582e-14
588246,2.2539062044107582e-14
791734,2.2317790582352005e-14
233136,2.119902694390049e-14
574119,2.0863255747827478e-14
217641,2.0008045729073478e-14
419102,1.9514743730626513e-14
812711,1.9170309486675192e-14
355412,1.9097772197033806e-14
118979,1.8929076735637214e-14
825251,1.8663983867728273e-14
806168,1.748010677971555e-14
620056,1.543723190732574e-14
480086,1.4196984600542303e-14
748904,1.4192587546877954e-14
860080,1.3953043772854803e-14
167320,1.3866450120127464e-14
790820,1.3780394619944343e-14
400815,1.3768806628990401e-14
485135,1.3571260564746913e-14
863790,1.3571260564746913e-14
572737,1.3362126509549485e-14
50251,1.3362126509549485e-14
36521,1.3362126509549485e-14
326249,1.3362126509549485e-14
746731,1.3362126509549485e-14
988655,1.2371000502417174e-14
779670,1.1353027525575449e-14
87922,1.1182930875626541e-14
222153,1.1182930875626541e-14
382565,1.1050139236452601e-14
219966,1.0145673086164714e-14
453041,9.735856649204283e-15
221445,9.085217366367834e-15
2048033,8.903591316438208e-15
85038,8.831524889240613e-15
50493,7.710263293475426e-15
134051,7.591295762846902e-15
780005,6.887579250690771e-15
660053,6.616065037219688e-15
793425,5.7356456874843265e-15
923705,5.7356456874843265e-15
922911,5.566950226087728e-15
812802,5.566950226087728e-15
100659,5.566950226087728e-15
343455,5.566950226087728e-15
280897,5.566950226087728e-15
59758,5.4752457506549454e-15
329883,4.8801936534729415e-15
8549,4.591719500460514e-15
487534,4.0231697561823805e-15
583618,3.711300150725153e-15
149840,3.711300150725153e-15
298225,3.711300150725153e-15
739041,3.711300150725153e-15
166658,3.711300150725153e-15
96977,3.3316216848812847e-15
561105,2.4718483468474046e-15
804431,2.2136821909443147e-15
484607,2.1703221167736624e-15
42589,2.024345536759174e-15
625278,2.024345536759174e-15
752303,1.3332296018836183e-15
607053,1.0753821317823142e-15
123363,1.0753821317823142e-15
855836,1.0190952348572239e-15
850693,8.34858090992821e-16
847970,6.308851948686728e-16
287407,4.790165740474474e-16
213921,4.46920622591642e-16
780581,4.46920622591642e-16
387095,4.46920622591642e-16
388198,4.2474284894586465e-16
154417,4.1826811039486056e-16
761108,3.1344851217594463e-16
855952,3.1344851217594463e-16
755745,3.1344851217594463e-16
258430,2.246453387805378e-16
317545,2.246453387805378e-16
924780,2.246453387805378e-16
134729,2.1560879374843432e-16
5441,2.1560879374843432e-16
741177,2.1560879374843432e-16
465562,2.1560879374843432e-16
193342,2.1560879374843432e-16
109421,2.0913405519743028e-16
617336,2.0913405519743028e-16
781350,2.0913405519743028e-16
832507,1.8423714386440284e-16
335747,1.8293530427563235e-16
36468,1.7518214492060288e-16
312354,1.7518214492060288e-16
621101,1.7518214492060288e-16
808944,1.3347211041569742e-16
475334,1.3347211041569742e-16
341672,1.3347211041569742e-16
371258,4.9463193859934933e-17
573241,4.9463193859934933e-17
471355,4.9463193859934933e-17
759491,4.987885095119492e-18
25462,0.0
66915,0.0
71209,0.0
91438,0.0
113823,0.0
132710,0.0
208582,0.0
378288,0.0
397880,0.0
489999,0.0
492331,0.0
615119,0.0
651107,0.0
747445,0.0
755156,0.0
838272,0.0
895136,0.0
899530,0.0
960690,0.0
988638,0.0
75264,0.0
91650,0.0
175775,0.0
295756,0.0
359326,0.0
446509,0.0
579839,0.0
741746,0.0
796045,0.0
825087,0.0
883318,0.0
151290,0.0
286662,0.0
748421,0.0
5953,0.0
12654,0.0
59537,0.0
61938,0.0
81493,0.0
84209,0.0
130932,0.0
139026,0.0
182598,0.0
187581,0.0
200968,0.0
349157,0.0
354105,0.0
379125,0.0
390390,0.0
485791,0.0
490004,0.0
503913,0.0
562304,0.0
574772,0.0
604852,0.0
623985,0.0
754032,0.0
771438,0.0
772567,0.0
840402,0.0
8828,0.0
81403,0.0
546214,0.0
628467,0.0
13384,0.0
19241,0.0
65397,0.0
86312,0.0
99753,0.0
136640,0.0
175286,0.0
210512,0.0
234325,0.0
409954,0.0
749175,0.0
804289,0.0
97325,0.0
1528006,0.0
559405,0.0
156886,0.0
112017,0.0
203804,0.0
588679,0.0
744548,0.0
38936,0.0
41874,0.0
249175,0.0
639397,0.0
642542,0.0
765585,0.0
781837,0.0
785283,0.0
792507,0.0
798543,0.0
183867,0.0
346336,0.0
423829,0.0
750519,0.0
840102,0.0
988440,0.0
133969,0.0
7689,0.0
160690,0.0
208774,0.0
262255,0.0
319347,0.0
376204,0.0
802302,0.0
820434,0.0
112462,0.0
176936,0.0
187478,0.0
192382,0.0
240865,0.0
255371,0.0
489303,0.0
824599,0.0
831381,0.0
894465,0.0
18977,0.0
19297,0.0
297894,0.0
859509,0.0
101895,0.0
239859,0.0
304458,0.0
649950,0.0
691807,0.0
178014,0.0
246768,0.0
295276,0.0
603590,0.0
745584,0.0
790988,0.0
819344,0.0
855773,0.0
131627,0.0
137580,0.0
170369,0.0
207735,0.0
240311,0.0
289177,0.0
309458,0.0
332141,0.0
519637,0.0
578028,0.0
584923,0.0
690254,0.0
744265,0.0
767068,0.0
816890,0.0
921965,0.0
923384,0.0
532957,0.0
805930,0.0
123007,0.0
490141,0.0
42234,0.0
536122,0.0
31380,0.0
122754,0.0
145443,0.0
237205,0.0
661524,0.0
664817,0.0
806336,0.0
100160,0.0
577627,0.0
1190,0.0
74195,0.0
101946,0.0
134600,0.0
164053,0.0
165011,0.0
170770,0.0
279337,0.0
290072,0.0
316834,0.0
361393,0.0
411761,0.0
568861,0.0
614823,0.0
622805,0.0
866491,0.0
887806,0.0
927555,0.0
933172,0.0
22124,0.0
98465,0.0
105422,0.0
163386,0.0
246611,0.0
260206,0.0
287259,0.0
315403,0.0
386253,0.0
406294,0.0
424244,0.0
490952,0.0
501407,0.0
561715,0.0
588450,0.0
673208,0.0
749970,0.0
751910,0.0
925852,0.0
957085,0.0
1098,0.0
223627,0.0
280956,0.0
351733,0.0
357406,0.0
506513,0.0
120521,0.0
180228,0.0
799053,0.0
824022,0.0
16835,0.0
22928,0.0
46120,0.0
76057,0.0
114342,0.0
137474,0.0
138699,0.0
311674,0.0
327765,0.0
489676,0.0
6334,0.0
150629,0.0
695189,0.0
804476,0.0
958533,0.0
28692,0.0
175553,0.0
208404,0.0
404463,0.0
640675,0.0
868092,0.0
749222,0.0
752945,0.0
39258,0.0
47789,0.0
51992,0.0
78741,0.0
130173,0.0
184043,0.0
287917,0.0
350840,0.0
387530,0.0
490554,0.0
612716,0.0
853492,0.0
898479,0.0
936425,0.0
987491,0.0
11707,0.0
43714,0.0
46925,0.0
96964,0.0
102399,0.0
110161,0.0
130689,0.0
136871,0.0
277351,0.0
481461,0.0
674662,0.0
685647,0.0
796734,0.0
957296,0.0
60306,0.0
79016,0.0
82584,0.0
162677,0.0
172642,0.0
184502,0.0
204901,0.0
211758,0.0
212612,0.0
213590,0.0
244406,0.0
742899,0.0
396372,0.0
21334,0.0
816701,0.0
825168,0.0
46861,0.0
60679,0.0
815039,0.0
825208,0.0
942252,0.0
197424,0.0
311680,0.0
617613,0.0
619388,0.0
245039,0.0
389979,0.0
778568,0.0
36537,0.0
89021,0.0
209142,0.0
307135,0.0
496405,0.0
805785,0.0
821571,0.0
842351,0.0
113480,0.0
152312,0.0
61479,0.0
64145,0.0
82013,0.0
118544,0.0
144458,0.0
147200,0.0
162820,0.0
329468,0.0
524239,0.0
894335,0.0
41420,0.0
59819,0.0
101953,0.0
118289,0.0
477875,0.0
500889,0.0
509356,0.0
569256,0.0
572106,0.0
594665,0.0
664849,0.0
746666,0.0
865016,0.0
894847,0.0
55128,0.0
58616,0.0
116984,0.0
502806,0.0
773642,0.0
798606,0.0
139908,0.0
418740,0.0
671953,0.0
891063,0.0
334740,0.0
13393,0.0
59655,0.0
94224,0.0
128099,0.0
149973,0.0
170454,0.0
179764,0.0
414251,0.0
477377,0.0
542976,0.0
667169,0.0
751738,0.0
772526,0.0
803242,0.0
806542,0.0
817011,0.0
894531,0.0
59293,0.0
71336,0.0
328352,0.0
575051,0.0
65590,0.0
189678,0.0
325459,0.0
422405,0.0
545726,0.0
621944,0.0
752314,0.0
780625,0.0
563834,0.0
690456,0.0
781766,0.0
178906,0.0
219203,0.0
803026,0.0
11754,0.0
22257,0.0
137084,0.0
159433,0.0
177454,0.0
228099,0.0
235923,0.0
246960,0.0
290590,0.0
302106,0.0
354722,0.0
390477,0.0
484145,0.0
495338,0.0
545074,0.0
572499,0.0
776093,0.0
790833,0.0
874289,0.0
121590,0.0
253142,0.0
567624,0.0
590441,0.0
1433,0.0
133057,0.0
161808,0.0
162269,0.0
162487,0.0
227088,0.0
270491,0.0
286115,0.0
340446,0.0
368112,0.0
495861,0.0
749476,0.0
750131,0.0
834108,0.0
858375,0.0
178122,0.0
420133,0.0
820115,0.0
393345,0.0
564333,0.0
23290,0.0
170690,0.0
242966,0.0
490416,0.0
494537,0.0
641450,0.0
748773,0.0
7920,0.0
12472,0.0
20050,0.0
38490,0.0
77175,0.0
107139,0.0
178536,0.0
191947,0.0
265440,0.0
307461,0.0
313284,0.0
317417,0.0
745964,0.0
798792,0.0
92942,0.0
127337,0.0
183858,0.0
217622,0.0
238115,0.0
531986,0.0
617196,0.0
645474,0.0
809266,0.0
852855,0.0
62823,0.0
202545,0.0
385611,0.0
335,0.0
158309,0.0
225930,0.0
680476,0.0
792530,0.0
15318,0.0
81561,0.0
207127,0.0
214162,0.0
251375,0.0
300749,0.0
396676,0.0
522768,0.0
605375,0.0
792370,0.0
798248,0.0
944084,0.0
18258,0.0
169536,0.0
740833,0.0
44994,0.0
129547,0.0
205180,0.0
369270,0.0
611102,0.0
617844,0.0
625739,0.0
942529,0.0
66570,0.0
67528,0.0
267354,0.0
743929,0.0
809058,0.0
927627,0.0
325401,0.0
473554,0.0
490549,0.0
674150,0.0
686897,0.0
936190,0.0
68780,0.0
175196,0.0
184187,0.0
201760,0.0
248392,0.0
341137,0.0
7448,0.0
127063,0.0
155563,0.0
308871,0.0
478246,0.0
651156,0.0
762731,0.0
767016,0.0
117844,0.0
200791,0.0
320761,0.0
410219,0.0
471156,0.0
573100,0.0
791483,0.0
238495,0.0
493122,0.0
543055,0.0
596922,0.0
631774,0.0
751019,0.0
925181,0.0
573978,0.0
16759,0.0
39656,0.0
160198,0.0
172350,0.0
301955,0.0
770629,0.0
47421,0.0
106298,0.0
165663,0.0
193320,0.0
299471,0.0
745241,0.0
897214,0.0
34899,0.0
51376,0.0
167287,0.0
219483,0.0
290812,0.0
364399,0.0
809357,0.0
842802,0.0
990384,0.0
71970,0.0
90389,0.0
673114,0.0
781172,0.0
2411,0.0
81017,0.0
147638,0.0
186927,0.0
300245,0.0
675495,0.0
826364,0.0
840000,0.0
667794,0.0
934721,0.0
14651,0.0
70715,0.0
144847,0.0
629609,0.0
664378,0.0
765722,0.0
814606,0.0
868456,0.0
934069,0.0
944310,0.0
31685,0.0
96613,0.0
117490,0.0
147635,0.0
159214,0.0
166785,0.0
174557,0.0
182900,0.0
184091,0.0
204386,0.0
248798,0.0
285272,0.0
294923,0.0
359016,0.0
359966,0.0
688400,0.0
791120,0.0
812046,0.0
816387,0.0
855405,0.0
962339,0.0
31067,0.0
677781,0.0
766893,0.0
772976,0.0
814898,0.0
15694,0.0
29791,0.0
29884,0.0
31556,0.0
79044,0.0
112185,0.0
145128,0.0
212131,0.0
575522,0.0
815537,0.0
954964,0.0
608701,0.0
797881,0.0
21744,0.0
103484,0.0
600069,0.0
774588,0.0
848034,0.0
31274,0.0
199995,0.0
253861,0.0
404434,0.0
798992,0.0
140176,0.0
61480,0.0
131581,0.0
162233,0.0
781094,0.0
111794,0.0
161173,0.0
227776,0.0
398615,0.0
607283,0.0
32071,0.0
98189,0.0
193160,0.0
380704,0.0
549797,0.0
747506,0.0
796741,0.0
848784,0.0
857203,0.0
5882,0.0
44764,0.0
75747,0.0
97182,0.0
936946,0.0
3595,0.0
79960,0.0
150048,0.0
203008,0.0
303626,0.0
825924,0.0
887619,0.0
128440,0.0
128495,0.0
758453,0.0
891264,0.0
923033,0.0
16281,0.0
58549,0.0
49774,0.0
61044,0.0
96379,0.0
467203,0.0
69986,0.0
72205,0.0
159699,0.0
294085,0.0
637150,0.0
806247,0.0
14073,0.0
16438,0.0
64303,0.0
73421,0.0
154530,0.0
180263,0.0
314600,0.0
343930,0.0
475932,0.0
478426,0.0
485191,0.0
501692,0.0
569914,0.0
684240,0.0
764181,0.0
790732,0.0
866786,0.0
939567,0.0
78044,0.0
572579,0.0
38466,0.0
44703,0.0
153590,0.0
179205,0.0
232564,0.0
295545,0.0
626268,0.0
696015,0.0
888730,0.0
29067,0.0
423267,0.0
483587,0.0
582313,0.0
47033,0.0
129761,0.0
301619,0.0
334193,0.0
798662,0.0
131841,0.0
793227,0.0
93322,0.0
138063,0.0
160848,0.0
328014,0.0
641994,0.0
751592,0.0
785380,0.0
836312,0.0
263937,0.0
540883,0.0
817754,0.0
845775,0.0
864209,0.0
13387,0.0
70027,0.0
104455,0.0
120953,0.0
501081,0.0
564726,0.0
784814,0.0
40225,0.0
418955,0.0
491220,0.0
575012,0.0
597309,0.0
801573,0.0
806877,0.0
830375,0.0
33161,0.0
590285,0.0
607448,0.0
766094,0.0
944349,0.0
162930,0.0
164093,0.0
185948,0.0
260038,0.0
368367,0.0
378624,0.0
29867,0.0
171728,0.0
273531,0.0
314113,0.0
81796,0.0
119629,0.0
290464,0.0
764702,0.0
845443,0.0
305501,0.0
103162,0.0
213212,0.0
302685,0.0
384675,0.0
834673,0.0
489520,0.0
671244,0.0
766533,0.0
78886,0.0
80720,0.0
137390,0.0
260212,0.0
482677,0.0
567570,0.0
789340,0.0
831215,0.0
895443,0.0
53739,0.0
98081,0.0
106987,0.0
131681,0.0
314155,0.0
330575,0.0
344275,0.0
745915,0.0
753985,0.0
794449,0.0
822777,0.0
132449,0.0
232701,0.0
362437,0.0
409968,0.0
671156,0.0
815236,0.0
837946,0.0
838300,0.0
52900,0.0
87985,0.0
274321,0.0
814852,0.0
823012,0.0
19701,0.0
34988,0.0
44906,0.0
188190,0.0
423305,0.0
633181,0.0
751604,0.0
179379,0.0
188202,0.0
224638,0.0
233066,0.0
307025,0.0
504928,0.0
614339,0.0
763301,0.0
608945,0.0
781370,0.0
154998,0.0
257544,0.0
749734,0.0
855423,0.0
341422,0.0
591104,0.0
688804,0.0
3829,0.0
28166,0.0
59156,0.0
76881,0.0
276085,0.0
81194,0.0
100854,0.0
108826,0.0
148477,0.0
164594,0.0
168958,0.0
198162,0.0
233228,0.0
457807,0.0
838195,0.0
611877,0.0
750203,0.0
74970,0.0
246022,0.0
287604,0.0
163420,0.0
206407,0.0
479350,0.0
604075,0.0
786613,0.0
1416172,0.0
16944,0.0
129817,0.0
165830,0.0
181376,0.0
352171,0.0
681340,0.0
697350,0.0
788508,0.0
798477,0.0
80780,0.0
85410,0.0
142050,0.0
174122,0.0
177060,0.0
307875,0.0
345355,0.0
852997,0.0
69534,0.0
222436,0.0
251595,0.0
297702,0.0
520975,0.0
680522,0.0
97529,0.0
226380,0.0
680003,0.0
789775,0.0
798326,0.0
800100,0.0
928942,0.0
961688,0.0
189644,0.0
281254,0.0
393789,0.0
510805,0.0
530745,0.0
583959,0.0
592954,0.0
681171,0.0
787960,0.0
936206,0.0
941579,0.0
7230,0.0
140816,0.0
252184,0.0
337631,0.0
467853,0.0
887348,0.0
194703,0.0
756656,0.0
191063,0.0
308932,0.0
672011,0.0
46794,0.0
99246,0.0
162197,0.0
377581,0.0
570061,0.0
615489,0.0
925528,0.0
528221,0.0
2330,0.0
94210,0.0
397042,0.0
502199,0.0
548338,0.0
674332,0.0
678408,0.0
228299,0.0
233862,0.0
243527,0.0
463527,0.0
156043,0.0
259800,0.0
754879,0.0
792925,0.0
631579,0.0
927736,0.0
955544,0.0
961234,0.0
103324,0.0
151787,0.0
305541,0.0
278575,0.0
567190,0.0
573870,0.0
923618,0.0
2993710,0.0
228323,0.0
74853,0.0
921306,0.0
190632,0.0
610706,0.0
502163,0.0
75295,0.0
173988,0.0
190021,0.0
242861,0.0
636474,0.0
9680,0.0
172612,0.0
932858,0.0
607804,0.0
407986,0.0
814220,0.0
161351,0.0
268871,0.0
333464,0.0
193231,0.0
413524,0.0
104714,0.0
35076,0.0
161920,0.0
239921,0.0
332257,0.0
482334,0.0
748222,0.0
129775,0.0
131624,0.0
617370,0.0
793845,0.0
101795,0.0
188432,0.0
944206,0.0
354158,0.0
564239,0.0
678339,0.0
755494,0.0
771010,0.0
838241,0.0
840523,0.0
937003,0.0
69060,0.0
100473,0.0
238297,0.0
498691,0.0
585189,0.0
762500,0.0
766361,0.0
797431,0.0
172167,0.0
174752,0.0
601430,0.0
749504,0.0
105354,0.0
500992,0.0
835585,0.0
859868,0.0
948171,0.0
185615,0.0
198532,0.0
391398,0.0
538677,0.0
744796,0.0
814751,0.0
37658,0.0
57209,0.0
118327,0.0
140499,0.0
174822,0.0
186594,0.0
241724,0.0
311074,0.0
387815,0.0
488378,0.0
521704,0.0
607028,0.0
635413,0.0
645612,0.0
678009,0.0
753963,0.0
773392,0.0
799466,0.0
849672,0.0
936658,0.0
72041,0.0
123915,0.0
208303,0.0
754251,0.0
756180,0.0
83095,0.0
152973,0.0
182360,0.0
577235,0.0
4852,0.0
203670,0.0
313899,0.0
749671,0.0
250435,0.0
266160,0.0
330601,0.0
330967,0.0
894827,0.0
323194,0.0
259529,0.0
191429,0.0
769616,0.0
959770,0.0
127360,0.0
358820,0.0
481057,0.0
567325,0.0
203639,0.0
29978,0.0
35021,0.0
135024,0.0
282709,0.0
569685,0.0
353145,0.0
70800,0.0
195874,0.0
197921,0.0
768321,0.0
784732,0.0
27916,0.0
29909,0.0
45313,0.0
292915,0.0
293896,0.0
505532,0.0
595101,0.0
643549,0.0
794173,0.0
845625,0.0
892823,0.0
956707,0.0
84814,0.0
391933,0.0
588508,0.0
596126,0.0
809999,0.0
256349,0.0
322027,0.0
479028,0.0
495784,0.0
815575,0.0
137494,0.0
376608,0.0
792953,0.0
793988,0.0
803720,0.0
193216,0.0
210323,0.0
482600,0.0
297955,0.0
319021,0.0
486645,0.0
501802,0.0
583478,0.0
202554,0.0
489316,0.0
129308,0.0
415239,0.0
745318,0.0
790814,0.0
395819,0.0
61226,0.0
607773,0.0
892771,0.0
290040,0.0
317093,0.0
668448,0.0
817000,0.0
51066,0.0
304401,0.0
590479,0.0
925837,0.0
17748,0.0
299668,0.0
210991,0.0
317865,0.0
585249,0.0
922728,0.0
84053,0.0
119651,0.0
478603,0.0
758444,0.0
336783,0.0
384920,0.0
394449,0.0
674263,0.0
26520,0.0
408696,0.0
607202,0.0
920101,0.0
46699,0.0
105618,0.0
130115,0.0
138833,0.0
170815,0.0
244711,0.0
265456,0.0
424296,0.0
479582,0.0
496097,0.0
497132,0.0
636044,0.0
692100,0.0
771297,0.0
573410,0.0
652255,0.0
82742,0.0
222927,0.0
231645,0.0
12802,0.0
195368,0.0
289685,0.0
31263,0.0
333634,0.0
517264,0.0
577531,0.0
845468,0.0
659517,0.0
674873,0.0
175708,0.0
759031,0.0
150062,0.0
242511,0.0
163229,0.0
597094,0.0
64509,0.0
343396,0.0
68551,0.0
283405,0.0
767370,0.0
926108,0.0
627337,0.0
660401,0.0
218885,0.0
219334,0.0
939187,0.0
125465,0.0
33316,0.0
138332,0.0
839369,0.0
68738,0.0
259561,0.0
639053,0.0
920073,0.0
26510,0.0
152002,0.0
218994,0.0
337271,0.0
377908,0.0
489876,0.0
515628,0.0
543867,0.0
823165,0.0
10538,0.0
89710,0.0
149515,0.0
574597,0.0
665957,0.0
921002,0.0
206967,0.0
786228,0.0
55304,0.0
75171,0.0
143367,0.0
423095,0.0
761706,0.0
92303,0.0
131650,0.0
493327,0.0
816900,0.0
922200,0.0
487186,0.0
672910,0.0
926604,0.0
948557,0.0
57488,0.0
82831,0.0
403120,0.0
149044,0.0
267814,0.0
345168,0.0
658346,0.0
20278,0.0
160638,0.0
246885,0.0
397876,0.0
662800,0.0
762288,0.0
778344,0.0
422947,0.0
515251,0.0
931105,0.0
950956,0.0
42993,0.0
80537,0.0
135054,0.0
266255,0.0
766385,0.0
34249,0.0
167517,0.0
286561,0.0
135152,0.0
799081,0.0
925066,0.0
19892,0.0
61172,0.0
758520,0.0
858827,0.0
889097,0.0
558339,0.0
642664,0.0
988386,0.0
858710,0.0
903609,0.0
484396,0.0
578031,0.0
935990,0.0
315336,0.0
556242,0.0
75100,0.0
140689,0.0
222351,0.0
474482,0.0
171693,0.0
747757,0.0
61534,0.0
142652,0.0
108679,0.0
636433,0.0
3413,0.0
128249,0.0
142178,0.0
205254,0.0
813392,0.0
816896,0.0
73644,0.0
171637,0.0
190946,0.0
332852,0.0
3056,0.0
9084,0.0
750925,0.0
783250,0.0
926548,0.0
17929,0.0
58438,0.0
106882,0.0
110104,0.0
127696,0.0
176358,0.0
200074,0.0
619423,0.0
684830,0.0
884962,0.0
920939,0.0
139933,0.0
213165,0.0
814036,0.0
38302,0.0
138520,0.0
255704,0.0
367459,0.0
472925,0.0
58372,0.0
308645,0.0
291043,0.0
44290,0.0
792175,0.0
49806,0.0
64817,0.0
1006782,0.0
139089,0.0
527267,0.0
805345,0.0
848913,0.0
920994,0.0
819894,0.0
94764,0.0
451296,0.0
129430,0.0
853926,0.0
928351,0.0
312353,0.0
509223,0.0
799771,0.0
170381,0.0
987621,0.0
416785,0.0
760240,0.0
743968,0.0
102050,0.0
99561,0.0
124492,0.0
477116,0.0
850692,0.0
68155,0.0
278559,0.0
295415,0.0
492670,0.0
639005,0.0
899198,0.0
376739,0.0
758943,0.0
830425,0.0
962064,0.0
942335,0.0
949820,0.0
578141,0.0
785611,0.0
852007,0.0
24944,0.0
79392,0.0
466759,0.0
232869,0.0
245019,0.0
758208,0.0
669015,0.0
3170,0.0
94205,0.0
165818,0.0
196248,0.0
33560,0.0
266916,0.0
418981,0.0
469286,0.0
774791,0.0
868306,0.0
756740,0.0
115733,0.0
894956,0.0
186312,0.0
81083,0.0
169202,0.0
192925,0.0
223054,0.0
527379,0.0
536754,0.0
738855,0.0
486775,0.0
127949,0.0
139804,0.0
354733,0.0
146544,0.0
223701,0.0
238440,0.0
600228,0.0
148355,0.0
752773,0.0
767741,0.0
776011,0.0
837486,0.0
809396,0.0
48816,0.0
211424,0.0
76658,0.0
136075,0.0
406583,0.0
628684,0.0
772721,0.0
804559,0.0
45057,0.0
87113,0.0
241813,0.0
334829,0.0
577720,0.0
117001,0.0
578744,0.0
763554,0.0
617568,0.0
805208,0.0
32366,0.0
69153,0.0
83554,0.0
227487,0.0
683686,0.0
800426,0.0
81619,0.0
659299,0.0
789721,0.0
842269,0.0
654490,0.0
41899,0.0
133119,0.0
394806,0.0
542549,0.0
551815,0.0
628981,0.0
38977,0.0
196969,0.0
300024,0.0
443997,0.0
571845,0.0
758601,0.0
797056,0.0
837592,0.0
43444,0.0
67561,0.0
107877,0.0
224186,0.0
52382,0.0
85776,0.0
154548,0.0
224294,0.0
339490,0.0
805661,0.0
817369,0.0
835894,0.0
838524,0.0
943936,0.0
359062,0.0
35587,0.0
192338,0.0
885375,0.0
233035,0.0
247966,0.0
368451,0.0
847735,0.0
855531,0.0
935330,0.0
215058,0.0
270667,0.0
325443,0.0
946560,0.0
146490,0.0
683750,0.0
66228,0.0
229157,0.0
777210,0.0
830538,0.0
582930,0.0
842611,0.0
339577,0.0
755519,0.0
940583,0.0
946137,0.0
12180,0.0
48566,0.0
207644,0.0
333643,0.0
586798,0.0
119111,0.0
120487,0.0
345427,0.0
404345,0.0
417607,0.0
500664,0.0
843607,0.0
75591,0.0
186185,0.0
293490,0.0
579458,0.0
641626,0.0
751613,0.0
829267,0.0
988471,0.0
28772,0.0
541125,0.0
784760,0.0
135032,0.0
807121,0.0
669511,0.0
892775,0.0
128585,0.0
923432,0.0
181694,0.0
797205,0.0
272567,0.0
949259,0.0
43499,0.0
345734,0.0
670088,0.0
187907,0.0
924318,0.0
960674,0.0
101701,0.0
184267,0.0
80443,0.0
161830,0.0
212614,0.0
954817,0.0
634377,0.0
75825,0.0
765595,0.0
813731,0.0
425105,0.0
34617,0.0
864257,0.0
170211,0.0
249973,0.0
420539,0.0
179730,0.0
49180,0.0
827367,0.0
838559,0.0
625736,0.0
194018,0.0
204708,0.0
309328,0.0
620121,0.0
668302,0.0
776562,0.0
807489,0.0
38579,0.0
49374,0.0
52093,0.0
206241,0.0
296903,0.0
566918,0.0
567862,0.0
926428,0.0
269972,0.0
80428,0.0
428717,0.0
90803,0.0
631535,0.0
2368302,0.0
308742,0.0
492037,0.0
568137,0.0
569402,0.0
933633,0.0
18176,0.0
83013,0.0
482787,0.0
624215,0.0
816517,0.0
930642,0.0
570825,0.0
180449,0.0
208076,0.0
243474,0.0
254535,0.0
674011,0.0
830319,0.0
891907,0.0
893719,0.0
239961,0.0
820232,0.0
26023,0.0
687487,0.0
487271,0.0
517074,0.0
582024,0.0
795341,0.0
799644,0.0
165855,0.0
109735,0.0
483848,0.0
937098,0.0
764890,0.0
490763,0.0
227527,0.0
126144,0.0
253457,0.0
228266,0.0
127369,0.0
201678,0.0
245760,0.0
334770,0.0
684253,0.0
802745,0.0
28316,0.0
683658,0.0
29334,0.0
780451,0.0
745617,0.0
784527,0.0
790227,0.0
39661,0.0
89713,0.0
112540,0.0
154533,0.0
342768,0.0
796950,0.0
813092,0.0
898336,0.0
310789,0.0
288111,0.0
488921,0.0
673621,0.0
553483,0.0
763237,0.0
926307,0.0
1608941,0.0
756518,0.0
44751,0.0
378041,0.0
794846,0.0
808214,0.0
74340,0.0
245992,0.0
21747,0.0
65882,0.0
190888,0.0
192260,0.0
228444,0.0
314050,0.0
361973,0.0
666763,0.0
934350,0.0
171150,0.0
492275,0.0
553810,0.0
837150,0.0
141838,0.0
320845,0.0
339624,0.0
347148,0.0
492466,0.0
623254,0.0
143494,0.0
153519,0.0
151431,0.0
198783,0.0
554963,0.0
811622,0.0
211197,0.0
342833,0.0
498961,0.0
620495,0.0
921710,0.0
494474,0.0
504276,0.0
776659,0.0
620386,0.0
183715,0.0
763601,0.0
74134,0.0
476356,0.0
483334,0.0
456896,0.0
66429,0.0
200775,0.0
327735,0.0
318966,0.0
375945,0.0
195237,0.0
135273,0.0
502398,0.0
577590,0.0
827250,0.0
761341,0.0
93533,0.0
36987,0.0
286483,0.0
738182,0.0
792583,0.0
333175,0.0
135543,0.0
490620,0.0
807026,0.0
753685,0.0
750970,0.0
190012,0.0
896965,0.0
1043986,0.0
121459,0.0
178889,0.0
11910,0.0
96744,0.0
819983,0.0
359494,0.0
489606,0.0
298764,0.0
372322,0.0
754055,0.0
924508,0.0
87597,0.0
302765,0.0
179126,0.0
848952,0.0
334644,0.0
486305,0.0
630882,0.0
402872,0.0
111934,0.0
668922,0.0
930204,0.0
749272,0.0
66869,0.0
765302,0.0
790509,0.0
246628,0.0
116178,0.0
33580,0.0
169526,0.0
251925,0.0
334101,0.0
918400,0.0
13511,0.0
85915,0.0
132579,0.0
847880,0.0
235169,0.0
655547,0.0
772191,0.0
405903,0.0
462110,0.0
475431,0.0
752770,0.0
46184,0.0
140521,0.0
76561,0.0
811897,0.0
160054,0.0
210425,0.0
591048,0.0
51909,0.0
945196,0.0
31441,0.0
245489,0.0
324854,0.0
343940,0.0
489845,0.0
891575,0.0
107090,0.0
407300,0.0
562030,0.0
885875,0.0
186125,0.0
196690,0.0
351227,0.0
359613,0.0
399659,0.0
939565,0.0
66395,0.0
85448,0.0
109637,0.0
346637,0.0
147245,0.0
424292,0.0
558596,0.0
149946,0.0
34094,0.0
94658,0.0
576839,0.0
764636,0.0
182884,0.0
24568,0.0
90188,0.0
67900,0.0
110341,0.0
406575,0.0
536275,0.0
593930,0.0
236287,0.0
240081,0.0
288904,0.0
169228,0.0
197460,0.0
402351,0.0
887638,0.0
130028,0.0
40230,0.0
803009,0.0
21578,0.0
366164,0.0
402249,0.0
488859,0.0
200882,0.0
582253,0.0
73605,0.0
477523,0.0
828768,0.0
125561,0.0
376422,0.0
359179,0.0
788569,0.0
22348,0.0
234647,0.0
305468,0.0
99888,0.0
151979,0.0
181321,0.0
479113,0.0
683085,0.0
890799,0.0
36402,0.0
606283,0.0
664194,0.0
201297,0.0
203711,0.0
680374,0.0
194036,0.0
463435,0.0
1908947,0.0
403184,0.0
760977,0.0
583935,0.0
1266,0.0
742673,0.0
94890,0.0
120060,0.0
414016,0.0
503279,0.0
686560,0.0
518313,0.0
660507,0.0
829125,0.0
165736,0.0
186734,0.0
150530,0.0
232480,0.0
787757,0.0
172041,0.0
490738,0.0
578999,0.0
681956,0.0
780258,0.0
669473,0.0
495455,0.0
988529,0.0
568071,0.0
135378,0.0
952794,0.0
790667,0.0
898188,0.0
496487,0.0
337856,0.0
947816,0.0
133832,0.0
228087,0.0
768027,0.0
889449,0.0
338179,0.0
83859,0.0
184637,0.0
611007,0.0
785773,0.0
480108,0.0
503602,0.0
504815,0.0
610346,0.0
949619,0.0
118493,0.0
188843,0.0
219021,0.0
219243,0.0
292559,0.0
931086,0.0
35338,0.0
51736,0.0
40922,0.0
93566,0.0
167386,0.0
266534,0.0
328288,0.0
491996,0.0
753094,0.0
898331,0.0
829643,0.0
310455,0.0
802464,0.0
67406,0.0
751256,0.0
893383,0.0
169317,0.0
89018,0.0
651187,0.0
244073,0.0
172772,0.0
201022,0.0
338887,0.0
509367,0.0
377891,0.0
611881,0.0
835648,0.0
296601,0.0
385879,0.0
662642,0.0
956093,0.0
97173,0.0
315142,0.0
36310,0.0
67631,0.0
215041,0.0
296024,0.0
779209,0.0
61637,0.0
256831,0.0
580485,0.0
44068,0.0
281564,0.0
391285,0.0
393257,0.0
225389,0.0
634674,0.0
244537,0.0
275757,0.0
782191,0.0
255887,0.0
424117,0.0
193025,0.0
330453,0.0
209773,0.0
299277,0.0
1340026,0.0
607967,0.0
766066,0.0
778363,0.0
832341,0.0
774956,0.0
58361,0.0
664883,0.0
677842,0.0
1211412,0.0
855356,0.0
211483,0.0
258090,0.0
275832,0.0
585092,0.0
745316,0.0
747984,0.0
951384,0.0
27136,0.0
791318,0.0
145086,0.0
891032,0.0
496525,0.0
924232,0.0
315339,0.0
358641,0.0
803544,0.0
29808,0.0
771419,0.0
68934,0.0
387720,0.0
741525,0.0
961133,0.0
569644,0.0
62002,0.0
30928,0.0
303506,0.0
312890,0.0
516929,0.0
70534,0.0
824219,0.0
77662,0.0
122023,0.0
321321,0.0
303050,0.0
481354,0.0
493848,0.0
584257,0.0
205520,0.0
480830,0.0
664618,0.0
788582,0.0
216846,0.0
401287,0.0
788937,0.0
869409,0.0
239655,0.0
792051,0.0
922811,0.0
148305,0.0
251361,0.0
520033,0.0
797147,0.0
418662,0.0
753617,0.0
26367,0.0
758999,0.0
588943,0.0
164750,0.0
493412,0.0
768010,0.0
95613,0.0
191699,0.0
792733,0.0
741380,0.0
776576,0.0
954694,0.0
78191,0.0
347639,0.0
226331,0.0
450700,0.0
181329,0.0
32193,0.0
317108,0.0
625201,0.0
756291,0.0
533117,0.0
596451,0.0
667669,0.0
674887,0.0
958839,0.0
500298,0.0
46460,0.0
667556,0.0
359559,0.0
355451,0.0
310383,0.0
821590,0.0
123345,0.0
210757,0.0
316340,0.0
299882,0.0
80657,0.0
816895,0.0
366407,0.0
475362,0.0
570046,0.0
809446,0.0
833782,0.0
30431,0.0
191680,0.0
141256,0.0
296402,0.0
214593,0.0
221844,0.0
675710,0.0
687561,0.0
790604,0.0
829122,0.0
647796,0.0
809334,0.0
197532,0.0
615026,0.0
919525,0.0
94126,0.0
25047,0.0
576718,0.0
672498,0.0
757157,0.0
742980,0.0
746407,0.0
255733,0.0
234844,0.0
58386,0.0
187413,0.0
197364,0.0
239638,0.0
389213,0.0
837215,0.0
866841,0.0
167361,0.0
340152,0.0
259240,0.0
623518,0.0
814340,0.0
560208,0.0
575695,0.0
257141,0.0
32971,0.0
190531,0.0
237517,0.0
268990,0.0
683065,0.0
933883,0.0
359199,0.0
768149,0.0
101776,0.0
333573,0.0
755570,0.0
755792,0.0
135391,0.0
609966,0.0
62729,0.0
167399,0.0
805332,0.0
358532,0.0
275130,0.0
831236,0.0
146354,0.0
214546,0.0
818593,0.0
57124,0.0
259270,0.0
591902,0.0
762652,0.0
826660,0.0
296487,0.0
75801,0.0
350585,0.0
48908,0.0
4451,0.0
45077,0.0
221603,0.0
234488,0.0
269172,0.0
788568,0.0
695019,0.0
796166,0.0
887719,0.0
692251,0.0
898828,0.0
622379,0.0
767095,0.0
189701,0.0
958076,0.0
498987,0.0
642796,0.0
781932,0.0
102985,0.0
240252,0.0
165068,0.0
502371,0.0
149173,0.0
786245,0.0
194039,0.0
760154,0.0
17877,0.0
808198,0.0
661974,0.0
25899,0.0
661525,0.0
793821,0.0
820999,0.0
197040,0.0
7729,0.0
57188,0.0
81683,0.0
230667,0.0
34172,0.0
294197,0.0
597965,0.0
138837,0.0
873886,0.0
56913,0.0
746010,0.0
390532,0.0
17387,0.0
51233,0.0
300013,0.0
64199,0.0
667020,0.0
683795,0.0
271029,0.0
60476,0.0
141681,0.0
193963,0.0
251604,0.0
299776,0.0
355616,0.0
770007,0.0
778906,0.0
799100,0.0
806740,0.0
815090,0.0
93632,0.0
609396,0.0
750456,0.0
184811,0.0
163198,0.0
287860,0.0
91122,0.0
253232,0.0
351842,0.0
492162,0.0
799348,0.0
807949,0.0
869417,0.0
633079,0.0
40501,0.0
497760,0.0
20403,0.0
398259,0.0
2825814,0.0
485991,0.0
87179,0.0
467382,0.0
746182,0.0
902138,0.0
2252,0.0
933568,0.0
6320,0.0
762921,0.0
203695,0.0
83194,0.0
186805,0.0
251491,0.0
508443,0.0
138271,0.0
251033,0.0
104388,0.0
414889,0.0
280445,0.0
300534,0.0
330634,0.0
624504,0.0
165294,0.0
225948,0.0
204714,0.0
175087,0.0
204968,0.0
674310,0.0
110541,0.0
202033,0.0
461737,0.0
522377,0.0
11242,0.0
184814,0.0
198901,0.0
516706,0.0
343954,0.0
75665,0.0
153526,0.0
188342,0.0
238506,0.0
781423,0.0
35697,0.0
401114,0.0
255770,0.0
183139,0.0
680065,0.0
121318,0.0
254556,0.0
173487,0.0
421315,0.0
137137,0.0
275386,0.0
159312,0.0
344729,0.0
942624,0.0
793022,0.0
3627,0.0
90011,0.0
836313,0.0
866417,0.0
940831,0.0
52151,0.0
101164,0.0
919598,0.0
401066,0.0
467749,0.0
930722,0.0
776371,0.0
152228,0.0
399437,0.0
474648,0.0
249303,0.0
314372,0.0
235881,0.0
753237,0.0
282766,0.0
489209,0.0
610339,0.0
687933,0.0
352999,0.0
21292,0.0
118189,0.0
77698,0.0
943827,0.0
112204,0.0
167220,0.0
511041,0.0
287350,0.0
165345,0.0
648407,0.0
689367,0.0
608166,0.0
633078,0.0
574057,0.0
46381,0.0
898275,0.0
5307,0.0
132849,0.0
108124,0.0
301404,0.0
392553,0.0
143951,0.0
220946,0.0
248916,0.0
228714,0.0
1097,0.0
258882,0.0
271113,0.0
449578,0.0
673486,0.0
944105,0.0
947563,0.0
240923,0.0
73383,0.0
12877,0.0
588112,0.0
163570,0.0
414745,0.0
838414,0.0
590265,0.0
247545,0.0
409670,0.0
352524,0.0
487535,0.0
97786,0.0
282800,0.0
636394,0.0
489207,0.0
824866,0.0
763341,0.0
156938,0.0
190235,0.0
127451,0.0
324646,0.0
475980,0.0
863102,0.0
212129,0.0
492663,0.0
758194,0.0
339905,0.0
767129,0.0
958768,0.0
31022,0.0
771269,0.0
170330,0.0
959775,0.0
221894,0.0
646353,0.0
363100,0.0
786360,0.0
78242,0.0
131178,0.0
639697,0.0
804706,0.0
222974,0.0
654543,0.0
324819,0.0
125528,0.0
139741,0.0
797670,0.0
243812,0.0
411830,0.0
918600,0.0
948061,0.0
685751,0.0
769876,0.0
337119,0.0
412134,0.0
1292549,0.0
185810,0.0
611929,0.0
947576,0.0
784766,0.0
165162,0.0
943268,0.0
933809,0.0
142767,0.0
216294,0.0
424302,0.0
491786,0.0
279141,0.0
319945,0.0
524050,0.0
230784,0.0
800332,0.0
823482,0.0
893111,0.0
370703,0.0
785357,0.0
64954,0.0
516202,0.0
532487,0.0
177588,0.0
187162,0.0
834466,0.0
791480,0.0
837985,0.0
825387,0.0
48587,0.0
131038,0.0
798113,0.0
308762,0.0
26193,0.0
846092,0.0
849246,0.0
668127,0.0
756772,0.0
636106,0.0
264350,0.0
50034,0.0
67539,0.0
179698,0.0
12644,0.0
636382,0.0
848572,0.0
366889,0.0
673360,0.0
954646,0.0
36645,0.0
46345,0.0
945269,0.0
759668,0.0
684920,0.0
401166,0.0
46784,0.0
505047,0.0
776301,0.0
118853,0.0
128290,0.0
185155,0.0
193802,0.0
171994,0.0
133719,0.0
35464,0.0
118664,0.0
31324,0.0
149166,0.0
249420,0.0
16448,0.0
202187,0.0
77560,0.0
57840,0.0
144349,0.0
185669,0.0
194063,0.0
37794,0.0
61273,0.0
686577,0.0
216348,0.0
220312,0.0
267411,0.0
274520,0.0
300659,0.0
30925,0.0
807028,0.0
3669,0.0
882950,0.0
212200,0.0
792018,0.0
796736,0.0
195305,0.0
655273,0.0
929776,0.0
830028,0.0
151469,0.0
575379,0.0
186096,0.0
255347,0.0
420504,0.0
957340,0.0
621959,0.0
801615,0.0
743760,0.0
477954,0.0
118384,0.0
306446,0.0
806507,0.0
296815,0.0
86826,0.0
99104,0.0
391003,0.0
768231,0.0
946563,0.0
120615,0.0
126048,0.0
601079,0.0
121157,0.0
738674,0.0
81079,0.0
142208,0.0
253734,0.0
258741,0.0
314505,0.0
2130,0.0
256575,0.0
255210,0.0
392299,0.0
502351,0.0
674163,0.0
75329,0.0
169239,0.0
216986,0.0
302774,0.0
304102,0.0
341652,0.0
206538,0.0
335302,0.0
863774,0.0
808212,0.0
254215,0.0
280960,0.0
381371,0.0
1606776,0.0
117064,0.0
166383,0.0
126782,0.0
775323,0.0
178645,0.0
838875,0.0
574143,0.0
897783,0.0
352294,0.0
380259,0.0
781732,0.0
300035,0.0
125822,0.0
217963,0.0
93849,0.0
129637,0.0
66800,0.0
116087,0.0
45475,0.0
400279,0.0
927650,0.0
211570,0.0
245133,0.0
245292,0.0
852842,0.0
761064,0.0
771470,0.0
13377,0.0
644880,0.0
752673,0.0
950441,0.0
504169,0.0
511029,0.0
765900,0.0
65094,0.0
828507,0.0
5980,0.0
597875,0.0
551465,0.0
621423,0.0
951375,0.0
1233067,0.0
98278,0.0
269390,0.0
751623,0.0
62270,0.0
186390,0.0
620578,0.0
241004,0.0
287092,0.0
123515,0.0
524522,0.0
649435,0.0
480472,0.0
567374,0.0
296802,0.0
790078,0.0
99198,0.0
763551,0.0
279097,0.0
783909,0.0
326096,0.0
742166,0.0
107227,0.0
852810,0.0
855780,0.0
491802,0.0
762177,0.0
109669,0.0
746387,0.0
194743,0.0
511773,0.0
950571,0.0
126862,0.0
426564,0.0
651796,0.0
674161,0.0
737886,0.0
753507,0.0
796439,0.0
102781,0.0
765435,0.0
300583,0.0
80118,0.0
41431,0.0
118128,0.0
90079,0.0
831708,0.0
833631,0.0
77732,0.0
25394,0.0
663455,0.0
263852,0.0
781399,0.0
147316,0.0
25857,0.0
933898,0.0
100116,0.0
276381,0.0
122252,0.0
540010,0.0
62860,0.0
316611,0.0
47134,0.0
127766,0.0
568368,0.0
614982,0.0
813485,0.0
380235,0.0
20862,0.0
580058,0.0
373592,0.0
662797,0.0
828740,0.0
828756,0.0
669303,0.0
639789,0.0
919846,0.0
168993,0.0
1055285,0.0
88035,0.0
333447,0.0
322279,0.0
354189,0.0
69402,0.0
647834,0.0
198302,0.0
931567,0.0
807068,0.0
59699,0.0
40695,0.0
369389,0.0
51740,0.0
333539,0.0
672269,0.0
851639,0.0
861757,0.0
293897,0.0
795841,0.0
3099573,0.0
123754,0.0
459616,0.0
585896,0.0
1006765,0.0
33666,0.0
219655,0.0
2273,0.0
11028,0.0
208997,0.0
650525,0.0
108446,0.0
894831,0.0
20760,0.0
248920,0.0
32433,0.0
199090,0.0
951374,0.0
139709,0.0
679219,0.0
956268,0.0
987922,0.0
96142,0.0
38291,0.0
111963,0.0
608135,0.0
198922,0.0
320442,0.0
82037,0.0
18137,0.0
58360,0.0
179335,0.0
37865,0.0
91879,0.0
108554,0.0
248452,0.0
565634,0.0
903009,0.0
97949,0.0
90169,0.0
900349,0.0
803752,0.0
163577,0.0
367417,0.0
77306,0.0
144538,0.0
247824,0.0
59503,0.0
29609,0.0
757335,0.0
757177,0.0
923801,0.0
194380,0.0
468632,0.0
822874,0.0
268161,0.0
741731,0.0
227697,0.0
482572,0.0
605965,0.0
783025,0.0
927373,0.0
288830,0.0
800926,0.0
217792,0.0
773407,0.0
25778,0.0
746915,0.0
80649,0.0
216212,0.0
918569,0.0
158849,0.0
759998,0.0
130036,0.0
133528,0.0
57497,0.0
921384,0.0
793664,0.0
665944,0.0
786080,0.0
583723,0.0
818366,0.0
82639,0.0
555695,0.0
801762,0.0
273105,0.0
128266,0.0
185440,0.0
1431398,0.0
894664,0.0
355555,0.0
856451,0.0
168110,0.0
577261,0.0
314346,0.0
10982,0.0
75394,0.0
843106,0.0
169578,0.0
468911,0.0
685031,0.0
49367,0.0
234374,0.0
168256,0.0
642427,0.0
46727,0.0
274822,0.0
250976,0.0
81231,0.0
213510,0.0
627250,0.0
261332,0.0
600640,0.0
620603,0.0
614455,0.0
677352,0.0
354883,0.0
371879,0.0
19435,0.0
587608,0.0
948333,0.0
143749,0.0
98944,0.0
147082,0.0
688515,0.0
765773,0.0
285693,0.0
7305,0.0
405522,0.0
502978,0.0
762990,0.0
130402,0.0
887718,0.0
391519,0.0
403454,0.0
761179,0.0
132940,0.0
196544,0.0
163835,0.0
1839912,0.0
26825,0.0
364861,0.0
151549,0.0
365542,0.0
785101,0.0
385180,0.0
747243,0.0
406733,0.0
333181,0.0
406898,0.0
574483,0.0
184471,0.0
120412,0.0
806991,0.0
153915,0.0
104314,0.0
147294,0.0
674262,0.0
142249,0.0
147771,0.0
611104,0.0
388972,0.0
106916,0.0
257787,0.0
610880,0.0
868174,0.0
199369,0.0
121746,0.0
221803,0.0
690718,0.0
744969,0.0
130855,0.0
222601,0.0
293391,0.0
327130,0.0
472735,0.0
593129,0.0
745071,0.0
836017,0.0
921289,0.0
89305,0.0
748262,0.0
850161,0.0
16361,0.0
108265,0.0
354631,0.0
510885,0.0
180023,0.0
47246,0.0
500612,0.0
615937,0.0
898946,0.0
170228,0.0
677991,0.0
757665,0.0
740576,0.0
126903,0.0
107249,0.0
845668,0.0
899223,0.0
953552,0.0
918290,0.0
242473,0.0
298766,0.0
48622,0.0
503283,0.0
763611,0.0
411745,0.0
503668,0.0
158717,0.0
48806,0.0
280692,0.0
299429,0.0
74452,0.0
802791,0.0
35864,0.0
496370,0.0
286530,0.0
243012,0.0
836394,0.0
854854,0.0
20740,0.0
52736,0.0
106514,0.0
206465,0.0
132095,0.0
1518379,0.0
921598,0.0
8245,0.0
137401,0.0
562663,0.0
251210,0.0
883345,0.0
104147,0.0
409337,0.0
421122,0.0
490769,0.0
487663,0.0
796957,0.0
639621,0.0
778959,0.0
795054,0.0
952834,0.0
289629,0.0
755496,0.0
746068,0.0
502774,0.0
806822,0.0
897322,0.0
342691,0.0
648097,0.0
607094,0.0
810592,0.0
222959,0.0
6613,0.0
159406,0.0
606043,0.0
145543,0.0
1777836,0.0
944933,0.0
26350,0.0
920117,0.0
153503,0.0
694411,0.0
20319,0.0
938878,0.0
74857,0.0
322642,0.0
840289,0.0
408531,0.0
961152,0.0
109274,0.0
927795,0.0
760389,0.0
796914,0.0
545534,0.0
854203,0.0
12128,0.0
818254,0.0
166767,0.0
278644,0.0
569119,0.0
840215,0.0
647670,0.0
359026,0.0
617536,0.0
1113,0.0
201983,0.0
2006721,0.0
754219,0.0
38805,0.0
845662,0.0
49797,0.0
288154,0.0
71373,0.0
297839,0.0
502989,0.0
591459,0.0
1163,0.0
98819,0.0
368578,0.0
919812,0.0
198426,0.0
789514,0.0
932299,0.0
1016154,0.0
949780,0.0
782631,0.0
101415,0.0
597239,0.0
566984,0.0
347151,0.0
657329,0.0
21009,0.0
78758,0.0
414291,0.0
756959,0.0
759224,0.0
487012,0.0
812388,0.0
450991,0.0
117990,0.0
955009,0.0
414506,0.0
246169,0.0
753833,0.0
97384,0.0
185383,0.0
69520,0.0
103033,0.0
811598,0.0
216586,0.0
371530,0.0
796710,0.0
201958,0.0
35719,0.0
601421,0.0
178135,0.0
122037,0.0
731975,0.0
615304,0.0
949211,0.0
938638,0.0
492521,0.0
14263,0.0
450786,0.0
928160,0.0
32401,0.0
527024,0.0
315909,0.0
174132,0.0
140553,0.0
459027,0.0
6232,0.0
495288,0.0
128141,0.0
921542,0.0
890724,0.0
151666,0.0
757070,0.0
813463,0.0
31606,0.0
931231,0.0
78532,0.0
479548,0.0
758920,0.0
919928,0.0
744075,0.0
803757,0.0
135059,0.0
96944,0.0
812101,0.0
1536402,0.0
103447,0.0
520215,0.0
186545,0.0
412393,0.0
919853,0.0
847305,0.0
85806,0.0
143559,0.0
396154,0.0
125506,0.0
494746,0.0
159791,0.0
47401,0.0
169856,0.0
412710,0.0
667622,0.0
1913210,0.0
299840,0.0
787696,0.0
825032,0.0
303651,0.0
424928,0.0
68898,0.0
101628,0.0
109367,0.0
855232,0.0
48123,0.0
238245,0.0
333903,0.0
297849,0.0
225754,0.0
193444,0.0
852665,0.0
528895,0.0
11970,0.0
552576,0.0
802264,0.0
40294,0.0
843259,0.0
38061,0.0
299567,0.0
1312035,0.0
202344,0.0
814871,0.0
769523,0.0
395187,0.0
90124,0.0
1811373,0.0
322339,0.0
164686,0.0
286866,0.0
987481,0.0
574033,0.0
46214,0.0
290414,0.0
769486,0.0
107247,0.0
841950,0.0
6855,0.0
896817,0.0
312126,0.0
869487,0.0
926115,0.0
138407,0.0
925450,0.0
15158,0.0
68896,0.0
189641,0.0
955647,0.0
451183,0.0
69761,0.0
30664,0.0
831448,0.0
90945,0.0
1950198,0.0
551115,0.0
819946,0.0
277977,0.0
26952,0.0
201667,0.0
89058,0.0
230111,0.0
741236,0.0
947752,0.0
118791,0.0
178621,0.0
6143,0.0
333766,0.0
953875,0.0
552325,0.0
382734,0.0
253397,0.0
253408,0.0
618230,0.0
50520,0.0
48757,0.0
146796,0.0
787940,0.0
185543,0.0
226556,0.0
509524,0.0
308625,0.0
309068,0.0
169099,0.0
84258,0.0
591620,0.0
176332,0.0
674600,0.0
158888,0.0
919282,0.0
146551,0.0
196370,0.0
385766,0.0
200448,0.0
24113,0.0
160428,0.0
73914,0.0
69348,0.0
519715,0.0
36934,0.0
169124,0.0
199229,0.0
393031,0.0
28619,0.0
491174,0.0
6563,0.0
349180,0.0
17937,0.0
295976,0.0
200777,0.0
720786,0.0
38100,0.0
331473,0.0
164189,0.0
257160,0.0
127889,0.0
86750,0.0
603036,0.0
892586,0.0
14724,0.0
753104,0.0
568622,0.0
769388,0.0
800475,0.0
960874,0.0
22875,0.0
105030,0.0
107556,0.0
313128,0.0
66276,0.0
104741,0.0
176360,0.0
476645,0.0
136124,0.0
290775,0.0
523661,0.0
213273,0.0
793898,0.0
125829,0.0
147481,0.0
340364,0.0
228058,0.0
358055,0.0
829033,0.0
5366,0.0
247004,0.0
248885,0.0
267435,0.0
335937,0.0
761478,0.0
337015,0.0
85445,0.0
107466,0.0
252026,0.0
214383,0.0
194578,0.0
243777,0.0
11620,0.0
120067,0.0
362922,0.0
477001,0.0
604924,0.0
74397,0.0
803162,0.0
40743,0.0
391177,0.0
548020,0.0
110564,0.0
12491,0.0
413683,0.0
754587,0.0
762618,0.0
276592,0.0
20984,0.0
565521,0.0
359555,0.0
276626,0.0
753422,0.0
138560,0.0
748088,0.0
754767,0.0
115544,0.0
292876,0.0
230886,0.0
584695,0.0
32807,0.0
603621,0.0
317571,0.0
125569,0.0
36975,0.0
251474,0.0
191070,0.0
332641,0.0
122381,0.0
663424,0.0
869708,0.0
656420,0.0
43520,0.0
81836,0.0
620126,0.0
97395,0.0
98467,0.0
937397,0.0
178371,0.0
812480,0.0
11046,0.0
332536,0.0
334243,0.0
595559,0.0
855619,0.0
90018,0.0
360956,0.0
355142,0.0
518252,0.0
72716,0.0
630603,0.0
85397,0.0
212810,0.0
483716,0.0
337404,0.0
17060,0.0
193594,0.0
793456,0.0
206658,0.0
961427,0.0
159410,0.0
467444,0.0
852405,0.0
921359,0.0
167296,0.0
470588,0.0
778656,0.0
934243,0.0
146088,0.0
579823,0.0
185999,0.0
209517,0.0
243418,0.0
670641,0.0
205627,0.0
866271,0.0
175025,0.0
521674,0.0
890559,0.0
777009,0.0
84886,0.0
508391,0.0
919418,0.0
8125,0.0
31442,0.0
29604,0.0
558954,0.0
138071,0.0
760214,0.0
894962,0.0
808155,0.0
43572,0.0
1426748,0.0
913130,0.0
478173,0.0
840708,0.0
923063,0.0
388773,0.0
487219,0.0
511257,0.0
800695,0.0
14201,0.0
887513,0.0
749273,0.0
807869,0.0
134761,0.0
1824831,0.0
255268,0.0
627026,0.0
2717459,0.0
1409777,0.0
57280,0.0
503460,0.0
994823,0.0
664272,0.0
1009342,0.0
1611,0.0
919239,0.0
825883,0.0
92107,0.0
124825,0.0
812239,0.0
39828,0.0
312062,0.0
710448,0.0
230963,0.0
16574,0.0
399733,0.0
258000,0.0
673752,0.0
933458,0.0
846634,0.0
1589051,0.0
648106,0.0
151988,0.0
540139,0.0
868063,0.0
503242,0.0
3426,0.0
631275,0.0
497236,0.0
184677,0.0
791609,0.0
793848,0.0
2165952,0.0
717419,0.0
16186,0.0
681718,0.0
639748,0.0
44776,0.0
562850,0.0
159340,0.0
782163,0.0
863733,0.0
3214680,0.0
277572,0.0
662416,0.0
843995,0.0
923745,0.0
2960510,0.0
771838,0.0
318882,0.0
84446,0.0
109628,0.0
9218,0.0
181817,0.0
3413511,0.0
985124,0.0
1028077,0.0
472102,0.0
331400,0.0
676818,0.0
1573712,0.0
2450537,0.0
2995948,0.0
2397780,0.0
128873,0.0
755918,0.0
46814,0.0
720741,0.0
922398,0.0
468938,0.0
124248,0.0
1714462,0.0
798658,0.0
572508,0.0
854866,0.0
945951,0.0
1032082,0.0
749743,0.0
990368,0.0
94861,0.0
182302,0.0
755152,0.0
587631,0.0
325727,0.0
1029659,0.0
2063135,0.0
128143,0.0
73682,0.0
677241,0.0
1717415,0.0
115554,0.0
987777,0.0
105462,0.0
581713,0.0
1055021,0.0
266063,0.0
822089,0.0
2570457,0.0
19740,0.0
215513,0.0
405142,0.0
619536,0.0
849405,0.0
1072350,0.0
3161008,0.0
546738,0.0
2393596,0.0
178301,0.0
935739,0.0
122219,0.0
180516,0.0
130037,0.0
1507678,0.0
861252,0.0
1028746,0.0
2412330,0.0
2782403,0.0
2674162,0.0
95176,0.0
284939,0.0
1391526,0.0
325357,0.0
80358,0.0
274637,0.0
50581,0.0
52062,0.0
2385504,0.0
1599476,0.0
2365087,0.0
2659130,0.0
3006966,0.0
588887,0.0
2814183,0.0
261309,0.0
2518003,0.0
2896351,0.0
